transaction,from,to,gas,gas used,cumulative gas used,transaction value
0x0489a084ef114715e0f6b0e831b15dbbf9a241e4edebf8710420aadefd348487,0xee219c1ebfc96f2ad1fc3f6398d4bc9abec94b44,0x8412ab39fc267f37249a4380f00ca19c8219b124,132442,32442,53442,0 wei
0x0489a084ef114715e0f6b0e831b15dbbf9a241e4edebf8710420aadefd348487.1,0xee219c1ebfc96f2ad1fc3f6398d4bc9abec94b44,0x8412ab39fc267f37249a4380f00ca19c8219b124,132442,32442,53442,0 wei
0x06b3d92d066fe6915c0c24719fb5af42fe31db1256b25cf9131d880fbdd9dbd0,0x6d6d757644f1fc61aa4361365819d66acf017b57,0x72c506f418e1c74d07181dcff034d4b91b463f8e,121000,121000,142000,1 Ether
0x06b3d92d066fe6915c0c24719fb5af42fe31db1256b25cf9131d880fbdd9dbd0.1,0x6d6d757644f1fc61aa4361365819d66acf017b57,0x72c506f418e1c74d07181dcff034d4b91b463f8e,121000,121000,142000,1 Ether
0x07f0304c29cbfc51a6c283621ece5a0ff57b27b768389436f5317b0ff4696139,0xc82a04a0583012d786d10ecf1a863fe82aef5152,0x7894ccf2997c8c89a80b86faa012d09d53ed48b9,100000,100000,100000,1 Ether
0x07f0304c29cbfc51a6c283621ece5a0ff57b27b768389436f5317b0ff4696139.1,0xc82a04a0583012d786d10ecf1a863fe82aef5152,0x7894ccf2997c8c89a80b86faa012d09d53ed48b9,100000,100000,100000,1 Ether
0x07f0304c29cbfc51a6c283621ece5a0ff57b27b768389436f5317b0ff4696139.2,0xc82a04a0583012d786d10ecf1a863fe82aef5152,0x7894ccf2997c8c89a80b86faa012d09d53ed48b9,100000,100000,100000,1 Ether
0x0db06f1c139b7da1ddb0c4c5e6a9dc0a7537297a4823e5c33b3cf184e1a4da65,0xee219c1ebfc96f2ad1fc3f6398d4bc9abec94b44,0x81a42abb359e406a5d630b5ce28676f4832c24e8,930933,30933,30933,0 wei
0x0db06f1c139b7da1ddb0c4c5e6a9dc0a7537297a4823e5c33b3cf184e1a4da65.1,0xee219c1ebfc96f2ad1fc3f6398d4bc9abec94b44,0x81a42abb359e406a5d630b5ce28676f4832c24e8,930933,30933,30933,0 wei
0x117225df1b07f70a8f90a2ac88cbf573cd91449bef3c4c0fc03079c847e903fa,0xee219c1ebfc96f2ad1fc3f6398d4bc9abec94b44,0x0e53ff265c831333018aae8fc6015f0cff23c416,131374,31374,885168,0 wei
0x117225df1b07f70a8f90a2ac88cbf573cd91449bef3c4c0fc03079c847e903fa.1,0xee219c1ebfc96f2ad1fc3f6398d4bc9abec94b44,0x0e53ff265c831333018aae8fc6015f0cff23c416,131374,31374,885168,0 wei
0x12a73a58d83734a801aa2760abf7076952af1e7c7f54432f12dc4fa39b34d1be,0xee219c1ebfc96f2ad1fc3f6398d4bc9abec94b44,0x3fb4b261a0565df91be765e7d857191f23cedf3d,127255,27255,27255,0 wei
0x12a73a58d83734a801aa2760abf7076952af1e7c7f54432f12dc4fa39b34d1be.1,0xee219c1ebfc96f2ad1fc3f6398d4bc9abec94b44,0x3fb4b261a0565df91be765e7d857191f23cedf3d,127255,27255,27255,0 wei
0x13fe68988a51f6a2670349b4a8c7289916593e48fc937dc29191e3cb5f62c7bb,0x6d6d757644f1fc61aa4361365819d66acf017b57,0x72c506f418e1c74d07181dcff034d4b91b463f8e,121000,121000,142000,1 Ether
0x13fe68988a51f6a2670349b4a8c7289916593e48fc937dc29191e3cb5f62c7bb.1,0x6d6d757644f1fc61aa4361365819d66acf017b57,0x72c506f418e1c74d07181dcff034d4b91b463f8e,121000,121000,142000,1 Ether
0x146f56e15c205a9ce106ec67aac5cb522c4c52fad33a8d48362f98410c844390,0x11211705f28f14517d791f509d058cf74b9fb720,0x7011f3edc7fa43c81440f9f43a6458174113b162,500000,114665,1858153,1 Ether
0x22c3841487b933eeb0037bb16a3a3124a8697fce1db7732561efac60abf49a6d,0xee219c1ebfc96f2ad1fc3f6398d4bc9abec94b44,0x81a42abb359e406a5d630b5ce28676f4832c24e8,1130933,30933,53356,0 wei
0x22c3841487b933eeb0037bb16a3a3124a8697fce1db7732561efac60abf49a6d.1,0xee219c1ebfc96f2ad1fc3f6398d4bc9abec94b44,0x81a42abb359e406a5d630b5ce28676f4832c24e8,1130933,30933,53356,0 wei
0x31a1f5b9caed90ca4526b449b378622d09e2f6d3e66452d28374f76d504d58c5,0xfbc587552a029b0a1fd2f8dadde96789a49a155e,0x18ebd42dc5e42edac84e8ded1dc824af20008564,49844,49844,70844,0 wei
0x32c14345bf7322218c93e39aeaa3eb546f253d73569b2ed1e55cb878f132c253,0xcdbdb34427e6e5821b13d1f79f5c4c87130a8a59,0x49af4eccda78263f868483dc7a31847df361e814,500000,500000,521000,0 wei
0x382b256685b2131b1d0325950128e0cb8d8c23a5798269daab67d2e0cc81212a,0x11211705f28f14517d791f509d058cf74b9fb720,0x7011f3edc7fa43c81440f9f43a6458174113b162,500000,114665,2484463,1 Ether
0x3af5b116d7d861793a35c180cf424e230e08bb14101cf52d161f100890b191c0,0x6f4250b4c1db1b611e43cbd9a04c4138c7c0af39,0x2f47e750205249d3240e1e5be41b0069eeef1067,121000,121000,142000,0<b>.</b>01 Ether
0x3af5b116d7d861793a35c180cf424e230e08bb14101cf52d161f100890b191c0.1,0x6f4250b4c1db1b611e43cbd9a04c4138c7c0af39,0x2f47e750205249d3240e1e5be41b0069eeef1067,121000,121000,142000,0<b>.</b>01 Ether
0x3af5b116d7d861793a35c180cf424e230e08bb14101cf52d161f100890b191c0.2,0x6f4250b4c1db1b611e43cbd9a04c4138c7c0af39,0x2f47e750205249d3240e1e5be41b0069eeef1067,121000,121000,142000,0<b>.</b>01 Ether
0x3e6f91ada6a4e19ad4d45fee1ae7e3f29761837754d769e6b459b0a775902ff0,0x3a7c924ee3257db50e49e2670e6d6b1ba42f4657,0x428f03eaf0ff2a3721559eb58888af6988cce378,500000,500000,500000,0 wei
0x4246bcb0d585e3c2e94a817c42bc2368186622b94802d2d24dabee3b68b363f1,0xee219c1ebfc96f2ad1fc3f6398d4bc9abec94b44,0x8412ab39fc267f37249a4380f00ca19c8219b124,132442,32442,32442,0 wei
0x4246bcb0d585e3c2e94a817c42bc2368186622b94802d2d24dabee3b68b363f1.1,0xee219c1ebfc96f2ad1fc3f6398d4bc9abec94b44,0x8412ab39fc267f37249a4380f00ca19c8219b124,132442,32442,32442,0 wei
0x45b0e7a1fbc10927a15dbf435ca9ff74459e9c29bc50a78c88fdf53aaab4f171,0x156d28739923ab616ac6d16498d736b349349d2d,0x3325439082ff8ba7371dfdaa1af297bbfcac21b2,200000,200000,200000,1 Ether
0x45b0e7a1fbc10927a15dbf435ca9ff74459e9c29bc50a78c88fdf53aaab4f171.1,0x156d28739923ab616ac6d16498d736b349349d2d,0x3325439082ff8ba7371dfdaa1af297bbfcac21b2,200000,200000,200000,1 Ether
0x45b0e7a1fbc10927a15dbf435ca9ff74459e9c29bc50a78c88fdf53aaab4f171.2,0x156d28739923ab616ac6d16498d736b349349d2d,0x3325439082ff8ba7371dfdaa1af297bbfcac21b2,200000,200000,200000,1 Ether
0x45ebc686c429205b3973efb90cce154d485e9c8fc77f4e0f9da454345483cf98,0x1f4ccee385f54f42d72eb4892ba7ac72653c9589,0x4865e85c72a27ca6c362da75ba6707c07464b953,121246,121246,121246,5 Ether
0x45ebc686c429205b3973efb90cce154d485e9c8fc77f4e0f9da454345483cf98.1,0x1f4ccee385f54f42d72eb4892ba7ac72653c9589,0x4865e85c72a27ca6c362da75ba6707c07464b953,121246,121246,121246,5 Ether
0x476549a8e307dc2c9bec19d9f46abf5b8f3947281c0a56568caae2a83c489a25,0xe685a9f3ae5378b4428ce94cfde7fa94c16fcf42,0x7894ccf2997c8c89a80b86faa012d09d53ed48b9,100000,100000,100000,0<b>.</b>687589 Ether
0x476549a8e307dc2c9bec19d9f46abf5b8f3947281c0a56568caae2a83c489a25.1,0xe685a9f3ae5378b4428ce94cfde7fa94c16fcf42,0x7894ccf2997c8c89a80b86faa012d09d53ed48b9,100000,100000,100000,0<b>.</b>687589 Ether
0x476549a8e307dc2c9bec19d9f46abf5b8f3947281c0a56568caae2a83c489a25.2,0xe685a9f3ae5378b4428ce94cfde7fa94c16fcf42,0x7894ccf2997c8c89a80b86faa012d09d53ed48b9,100000,100000,100000,0<b>.</b>687589 Ether
0x4fea19952c67a5de36d61a96eb4fe4206c931fc3519b1171893f73f9001e6708,0x11211705f28f14517d791f509d058cf74b9fb720,0x7011f3edc7fa43c81440f9f43a6458174113b162,500000,114665,811774,1 Ether
0x50a7219439b75ce8d97e432f567481cfccdb2c29a4966ccbdcf595ef6c89f7d5,0xebb8cd1cee016ad4b5b54d9f686523223e4ed273,0x72c506f418e1c74d07181dcff034d4b91b463f8e,121000,121000,121000,1 Ether
0x50a7219439b75ce8d97e432f567481cfccdb2c29a4966ccbdcf595ef6c89f7d5.1,0xebb8cd1cee016ad4b5b54d9f686523223e4ed273,0x72c506f418e1c74d07181dcff034d4b91b463f8e,121000,121000,121000,1 Ether
0x53937cdcf1eeafb626890d247be4085920ee3ffecb805fb51262f2bd2dabe9f9,0xde6827626a300de4a13a1dc54cf94f5b43769e97,0x2faa316fc4624ec39adc2ef7b5301124cfb68777,1673105,1673105,1673105,0 wei
0x53937cdcf1eeafb626890d247be4085920ee3ffecb805fb51262f2bd2dabe9f9.1,0xde6827626a300de4a13a1dc54cf94f5b43769e97,0x2faa316fc4624ec39adc2ef7b5301124cfb68777,1673105,1673105,1673105,0 wei
0x541552cf5a82c0061c2aa7559efa248aa4390e28a879a8165608e5078cff5e5b,0xcf684dfb8304729355b58315e8019b1aa2ad1bac,0xb21f8684f23dbb1008508b4de91a0aaedebdb7e4,2500000,2500000,2542000,0 wei
0x582dc4633ee8db36d30e3921c413177c6334402ac4beb627e09d31b807c6f0b0,0xcf684dfb8304729355b58315e8019b1aa2ad1bac,0xb21f8684f23dbb1008508b4de91a0aaedebdb7e4,2500000,2500000,2815000,0 wei
0x7094dffc814f37bfb758957d686a1bb56cbcecdc39a7e152f7dde3a222e6b896,0x3a7c924ee3257db50e49e2670e6d6b1ba42f4657,0x428f03eaf0ff2a3721559eb58888af6988cce378,500000,500000,626000,0 wei
0x8191763716a19a215fffff01078b60e83c9777a8b539508e70ae9909100a471d,0xe685a9f3ae5378b4428ce94cfde7fa94c16fcf42,0x7894ccf2997c8c89a80b86faa012d09d53ed48b9,100000,100000,100000,0<b>.</b>692589 Ether
0x8191763716a19a215fffff01078b60e83c9777a8b539508e70ae9909100a471d.1,0xe685a9f3ae5378b4428ce94cfde7fa94c16fcf42,0x7894ccf2997c8c89a80b86faa012d09d53ed48b9,100000,100000,100000,0<b>.</b>692589 Ether
0x8191763716a19a215fffff01078b60e83c9777a8b539508e70ae9909100a471d.2,0xe685a9f3ae5378b4428ce94cfde7fa94c16fcf42,0x7894ccf2997c8c89a80b86faa012d09d53ed48b9,100000,100000,100000,0<b>.</b>692589 Ether
0x855986bfef6c05111a3c53b92d103fcf4ef9666c0bf3be13db893e9bc3beb161,0xd0b63c2dd1ae06cdfd51eeb505cd012e42387ba8,0xf243688304fa4f6c6efadc22b9c1dd009aa76650,121000,121000,247000,1 Ether
0x855986bfef6c05111a3c53b92d103fcf4ef9666c0bf3be13db893e9bc3beb161.1,0xd0b63c2dd1ae06cdfd51eeb505cd012e42387ba8,0xf243688304fa4f6c6efadc22b9c1dd009aa76650,121000,121000,247000,1 Ether
0x855986bfef6c05111a3c53b92d103fcf4ef9666c0bf3be13db893e9bc3beb161.2,0xd0b63c2dd1ae06cdfd51eeb505cd012e42387ba8,0xf243688304fa4f6c6efadc22b9c1dd009aa76650,121000,121000,247000,1 Ether
0x8af7d4d13a37290fa00c39ae9323751ea6811caf2fef3edf7229544827ea1ca3,0x3df786cf4c32e63bd5b4d0313b9da0693828b8eb,0x87774bc92def89bbee0b5ae846e3677e3eff6102,174408,174408,342568,0 wei
0x94bc1b1cac232bfd7a6651717b65861a77a01919afeb5d9e171593b861f7862e,0xee219c1ebfc96f2ad1fc3f6398d4bc9abec94b44,0x230fea97f55e7f6477b1e7baaf8f7f0b5f4d00be,1130933,30933,354177,0 wei
0x95222a04be1bbf43cf7a8b5355945bdd03e9af799385102fe19bebdb6c5e2b26,0xee219c1ebfc96f2ad1fc3f6398d4bc9abec94b44,0x8412ab39fc267f37249a4380f00ca19c8219b124,132442,32442,179442,0 wei
0x95222a04be1bbf43cf7a8b5355945bdd03e9af799385102fe19bebdb6c5e2b26.1,0xee219c1ebfc96f2ad1fc3f6398d4bc9abec94b44,0x8412ab39fc267f37249a4380f00ca19c8219b124,132442,32442,179442,0 wei
0x9704cfa523a706f54dce1da57c32fcf8e95cdb6e86dbd5a6db6cede4ad2ece6e,0xcdbdb34427e6e5821b13d1f79f5c4c87130a8a59,0xd8184f3c691ca51a1089ac4ce0609d5fd9a1cc18,500000,500000,584000,0 wei
0x9bb65e729fa8758d377ca6b99fc693350c267e8f7a10a82b620c3118d93bba8f,0x11211705f28f14517d791f509d058cf74b9fb720,0x7011f3edc7fa43c81440f9f43a6458174113b162,500000,114665,1470749,1 Ether
0x9cca9b8f30f2641ff518897caddc491d3f47e6e1a79685fd62834612596f3df7,0xee219c1ebfc96f2ad1fc3f6398d4bc9abec94b44,0xf9306094281a1b0cede66605eeceaa2f17c40a1a,50000,50000,134160,0 wei
0x9cca9b8f30f2641ff518897caddc491d3f47e6e1a79685fd62834612596f3df7.1,0xee219c1ebfc96f2ad1fc3f6398d4bc9abec94b44,0xf9306094281a1b0cede66605eeceaa2f17c40a1a,50000,50000,134160,0 wei
0x9dcc26b87033b5de93dad3dd521562e6d88e1466a71ecd545fae97e45fb20ad7,0xe63ce1fb530dfbf4ee7b2df92e38c09a4bc83179,0x446d1696a5527018453cda3d67aa4c2cd189b9f6,300000,300000,300000,16 Ether
0x9dcc26b87033b5de93dad3dd521562e6d88e1466a71ecd545fae97e45fb20ad7.1,0xe63ce1fb530dfbf4ee7b2df92e38c09a4bc83179,0x446d1696a5527018453cda3d67aa4c2cd189b9f6,300000,300000,300000,16 Ether
0x9dcc26b87033b5de93dad3dd521562e6d88e1466a71ecd545fae97e45fb20ad7.2,0xe63ce1fb530dfbf4ee7b2df92e38c09a4bc83179,0x446d1696a5527018453cda3d67aa4c2cd189b9f6,300000,300000,300000,16 Ether
0xa0cf6b361c677d85fa044b3ff4df5213d3c0080bc753370c1fd5163bf61488a2,0xcdbdb34427e6e5821b13d1f79f5c4c87130a8a59,0x84ed018130335308a1709a26f50fe95558639cf1,500000,500000,542000,0 wei
0xa2c82aa2b34be2de099ee0f5338f5156f178401d5b14b48f712753d2dac606c2,0xcdbdb34427e6e5821b13d1f79f5c4c87130a8a59,0xafa645e625fef07a188fc690dc6bc1721581f57c,500000,500000,521000,0 wei
0xa615a2f619d83f2e0775a2fad2b419a904d89c11c5c63e2a5464cd55cf2a9aef,0x5b3bddaa5a3e14a31be29070dea47603ab030269,0x1213c29b5e1a6f33e0d044f850a57b665e3cde21,107000,107000,107000,7<b>.</b>98930734 Ether
0xa615a2f619d83f2e0775a2fad2b419a904d89c11c5c63e2a5464cd55cf2a9aef.1,0x5b3bddaa5a3e14a31be29070dea47603ab030269,0x1213c29b5e1a6f33e0d044f850a57b665e3cde21,107000,107000,107000,7<b>.</b>98930734 Ether
0xa615a2f619d83f2e0775a2fad2b419a904d89c11c5c63e2a5464cd55cf2a9aef.2,0x5b3bddaa5a3e14a31be29070dea47603ab030269,0x1213c29b5e1a6f33e0d044f850a57b665e3cde21,107000,107000,107000,7<b>.</b>98930734 Ether
0xac6841c344f3c5f6badfd4157da89a6b252daac207fd67b5e82d9ca7bd07f5b7,0xee219c1ebfc96f2ad1fc3f6398d4bc9abec94b44,0x0e53ff265c831333018aae8fc6015f0cff23c416,122246,22246,148246,0 wei
0xac6841c344f3c5f6badfd4157da89a6b252daac207fd67b5e82d9ca7bd07f5b7.1,0xee219c1ebfc96f2ad1fc3f6398d4bc9abec94b44,0x0e53ff265c831333018aae8fc6015f0cff23c416,122246,22246,148246,0 wei
0xb34bc2cd9d0c4cc852765ccc8704176982011951d0f7e9a773845435770dabd2,0xee219c1ebfc96f2ad1fc3f6398d4bc9abec94b44,0x230fea97f55e7f6477b1e7baaf8f7f0b5f4d00be,1130933,30933,240933,0 wei
0xb4aec00cbd5053fe0ae154a872058ca38baf4c52e4d063b320dbca8a80058382,0x3df786cf4c32e63bd5b4d0313b9da0693828b8eb,0x87774bc92def89bbee0b5ae846e3677e3eff6102,174408,174408,447488,0 wei
0xb57156100b336a7fd2677dc5b0fe890e491f17dcb49492947e38ec84e9d000d2,0x7facbf9e0d8e5b00019d1ba949f58fdfb6dcc949,0x2f47e750205249d3240e1e5be41b0069eeef1067,100000,100000,100000,0<b>.</b>01 Ether
0xb57156100b336a7fd2677dc5b0fe890e491f17dcb49492947e38ec84e9d000d2.1,0x7facbf9e0d8e5b00019d1ba949f58fdfb6dcc949,0x2f47e750205249d3240e1e5be41b0069eeef1067,100000,100000,100000,0<b>.</b>01 Ether
0xb57156100b336a7fd2677dc5b0fe890e491f17dcb49492947e38ec84e9d000d2.2,0x7facbf9e0d8e5b00019d1ba949f58fdfb6dcc949,0x2f47e750205249d3240e1e5be41b0069eeef1067,100000,100000,100000,0<b>.</b>01 Ether
0xb7f4c8b80255d209084b6107d3e114d131b2d706cce7ba698c849bd8d293c58c,0xdfef27be32f8ed8b7b483191306f3c3649e8e5e3,0x316201f586706aaa2795bc2a3f0bad2379c363e4,200000,200000,200000,0<b>.</b>12 Ether
0xb7f4c8b80255d209084b6107d3e114d131b2d706cce7ba698c849bd8d293c58c.1,0xdfef27be32f8ed8b7b483191306f3c3649e8e5e3,0x316201f586706aaa2795bc2a3f0bad2379c363e4,200000,200000,200000,0<b>.</b>12 Ether
0xbc2790a0d1dae28bdae6ab78d366e7e50e0b854490775d98fa1a6404f49bc74f,0xcdbdb34427e6e5821b13d1f79f5c4c87130a8a59,0x49af4eccda78263f868483dc7a31847df361e814,500000,500000,500000,0 wei
0xbda830853366a8132b26fff4d43f91ab6feb04591f1c16552d74febad42d6ece,0x11211705f28f14517d791f509d058cf74b9fb720,0x7011f3edc7fa43c81440f9f43a6458174113b162,500000,114665,497469,1 Ether
0xbf89ed8ddc79f722fe78f36fa6278370dea1775a9268abef83e87bcc3dbdb4a7,0xee219c1ebfc96f2ad1fc3f6398d4bc9abec94b44,0x3fb4b261a0565df91be765e7d857191f23cedf3d,121255,21255,63255,0 wei
0xbf89ed8ddc79f722fe78f36fa6278370dea1775a9268abef83e87bcc3dbdb4a7.1,0xee219c1ebfc96f2ad1fc3f6398d4bc9abec94b44,0x3fb4b261a0565df91be765e7d857191f23cedf3d,121255,21255,63255,0 wei
0xc095c98c922e06cf53df283d1692b3de5a75149131298004b172a682928a02af,0xee219c1ebfc96f2ad1fc3f6398d4bc9abec94b44,0x81a42abb359e406a5d630b5ce28676f4832c24e8,1000000,30933,51933,0 wei
0xc095c98c922e06cf53df283d1692b3de5a75149131298004b172a682928a02af.1,0xee219c1ebfc96f2ad1fc3f6398d4bc9abec94b44,0x81a42abb359e406a5d630b5ce28676f4832c24e8,1000000,30933,51933,0 wei
0xc3695b6d976e580018a94da436392d81285af1dc148f27827e6f676745aa416f,0xee219c1ebfc96f2ad1fc3f6398d4bc9abec94b44,0x81a42abb359e406a5d630b5ce28676f4832c24e8,130933,30933,51933,0 wei
0xc3695b6d976e580018a94da436392d81285af1dc148f27827e6f676745aa416f.1,0xee219c1ebfc96f2ad1fc3f6398d4bc9abec94b44,0x81a42abb359e406a5d630b5ce28676f4832c24e8,130933,30933,51933,0 wei
0xc77b18bc5176d47716913b99d990dfe6ee0e3db579816950f4ee57dbea2b560b,0xcfe10a17d30e93442ef67d0a32bf58d17a747ef0,0xe6e56e5b1011f887d5fe57979faf6cf99ac189bc,240000,36372,36372,0 wei
0xc9bc17100ec7ff2dd5c35857e9039f18586d831ebf088685dc7ed03a0f65b48b,0xdfef27be32f8ed8b7b483191306f3c3649e8e5e3,0x316201f586706aaa2795bc2a3f0bad2379c363e4,200000,200000,557000,0<b>.</b>1 Ether
0xc9bc17100ec7ff2dd5c35857e9039f18586d831ebf088685dc7ed03a0f65b48b.1,0xdfef27be32f8ed8b7b483191306f3c3649e8e5e3,0x316201f586706aaa2795bc2a3f0bad2379c363e4,200000,200000,557000,0<b>.</b>1 Ether
0xd02d5b5280809e9dc89be658f13c5db0c7fdd65f949b80ea707722b58a83c96a,0xee219c1ebfc96f2ad1fc3f6398d4bc9abec94b44,0x81a42abb359e406a5d630b5ce28676f4832c24e8,130933,30933,51933,0 wei
0xd77410d06055686ca372762bc2f6cfc9be3dd52dec4c56d36fb4688d719e73c1,0xebb8cd1cee016ad4b5b54d9f686523223e4ed273,0x72c506f418e1c74d07181dcff034d4b91b463f8e,121000,121000,533035,1 Ether
0xd77410d06055686ca372762bc2f6cfc9be3dd52dec4c56d36fb4688d719e73c1.1,0xebb8cd1cee016ad4b5b54d9f686523223e4ed273,0x72c506f418e1c74d07181dcff034d4b91b463f8e,121000,121000,533035,1 Ether
0xe8211d72866b1befd3ee7444432e08a9c98a0f0d7ca949e3c710b039db18e2bb,0xf7c818448b961560c0f596b879f425c8cc98a799,0x7894ccf2997c8c89a80b86faa012d09d53ed48b9,100000,100000,100000,1 Ether
0xe8211d72866b1befd3ee7444432e08a9c98a0f0d7ca949e3c710b039db18e2bb.1,0xf7c818448b961560c0f596b879f425c8cc98a799,0x7894ccf2997c8c89a80b86faa012d09d53ed48b9,100000,100000,100000,1 Ether
0xe8211d72866b1befd3ee7444432e08a9c98a0f0d7ca949e3c710b039db18e2bb.2,0xf7c818448b961560c0f596b879f425c8cc98a799,0x7894ccf2997c8c89a80b86faa012d09d53ed48b9,100000,100000,100000,1 Ether
0xec97408cc83e67923388fa8cb5d9986714ea63a5f84fbbc11d7e1f380a847cc4,0xcdbdb34427e6e5821b13d1f79f5c4c87130a8a59,0x49af4eccda78263f868483dc7a31847df361e814,500000,500000,500000,0 wei
0xee7a41e67f398b02d021312f230265b31e66de33f9958c4f1704560149e40055,0xcf684dfb8304729355b58315e8019b1aa2ad1bac,0xb21f8684f23dbb1008508b4de91a0aaedebdb7e4,2500000,2500000,2689000,0 wei
0xf6b4eb0f3749912cb547a554c682b0aba32250b33d66db9461725443331f3af8,0x240696f7662de40f254ca954df9a0563683b8207,0x7934e32b9223373544692a0893d7eeab91fb9b78,500000,500000,545362,0 wei
0xf75de998edd1279fccfb123bb4bb55ae5be1745cd9812d4cebadcfb58937ebe9,0x89d7f7a2a821aa62d11dc063fa6b8fbb5cd7a02f,0x2fe8266ca7ab185f0597125afbd13a309f3bbc68,121000,121000,268632,0 wei
0xf8710e4814aae105416ab9bd8ae466b7f902c728b6989bff6da4eb7000a19765,0x26588a9301b0428d95e6fc3a5024fce8bec12d51,0x6ba3a7570a4d4540722bc8a8233fc8c15a1b56a7,200000,200000,200000,0 wei
0xf8710e4814aae105416ab9bd8ae466b7f902c728b6989bff6da4eb7000a19765.1,0x26588a9301b0428d95e6fc3a5024fce8bec12d51,0x6ba3a7570a4d4540722bc8a8233fc8c15a1b56a7,200000,200000,200000,0 wei
0xffe8db9d30b1f5c2432a1ec3704226e5fd6f83c49f1e88d9c14b52ff1f47b47a,0xee219c1ebfc96f2ad1fc3f6398d4bc9abec94b44,0x24f75d50463f41eb1b405bf33ec7146a7ea929e1,630933,30933,270177,0 wei
0xffe8db9d30b1f5c2432a1ec3704226e5fd6f83c49f1e88d9c14b52ff1f47b47a.1,0xee219c1ebfc96f2ad1fc3f6398d4bc9abec94b44,0x24f75d50463f41eb1b405bf33ec7146a7ea929e1,630933,30933,270177,0 wei
